index,path,x,y,source_field,source_value,target_field,target_value,type
0, 0, 537.5, 100, La Réunion, 10, 198Au, 0, ribbon 
0, 1, 544.8646844234603, 100.14585736323846, La Réunion, 10, 198Au, 0, ribbon 
0, 2, 559.5250056649361, 101.30863694354574, La Réunion, 10, 198Au, 0, ribbon 
0, 3, 574.0364422955423, 103.62377116095905, La Réunion, 10, 198Au, 0, ribbon 
0, 4, 588.3308089509469, 107.08038181387718, La Réunion, 10, 198Au, 0, ribbon 
0, 5, 595.3752831115949, 109.2333413656502, La Réunion, 10, 198Au, 0, ribbon 
0, 6, 591.6361976242724, 120.14279623478899, La Réunion, 10, 198Au, 0, ribbon 
0, 7, 583.4267448925418, 141.13093820001805, La Réunion, 10, 198Au, 0, ribbon 
0, 8, 574.2422498180299, 161.01138980118253, La Réunion, 10, 198Au, 0, ribbon 
0, 9, 564.0827124007368, 179.78415103828232, La Réunion, 10, 198Au, 0, ribbon 
0, 10, 552.9481326406624, 197.44922191131747, La Réunion, 10, 198Au, 0, ribbon 
0, 11, 540.8385105378067, 214.006602420288, La Réunion, 10, 198Au, 0, ribbon 
0, 12, 527.7538460921697, 229.45629256519385, La Réunion, 10, 198Au, 0, ribbon 
0, 13, 513.6941393037515, 243.7982923460351, La Réunion, 10, 198Au, 0, ribbon 
0, 14, 498.65939017255204, 257.0326017628117, La Réunion, 10, 198Au, 0, ribbon 
0, 15, 482.64959869857125, 269.15922081552367, La Réunion, 10, 198Au, 0, ribbon 
0, 16, 465.6647648818093, 280.17814950417096, La Réunion, 10, 198Au, 0, ribbon 
0, 17, 447.704888722266, 290.0893878287536, La Réunion, 10, 198Au, 0, ribbon 
0, 18, 428.7699702199414, 298.89293578927163, La Réunion, 10, 198Au, 0, ribbon 
0, 19, 408.8600093748356, 306.588793385725, La Réunion, 10, 198Au, 0, ribbon 
0, 20, 387.9750061869485, 313.17696061811375, La Réunion, 10, 198Au, 0, ribbon 
0, 21, 366.1149606562801, 318.65743748643786, La Réunion, 10, 198Au, 0, ribbon 
0, 22, 354.81929701240296, 320.98229203407567, La Réunion, 10, 198Au, 0, ribbon 
0, 23, 366.05844182511646, 318.64842055151047, La Réunion, 10, 198Au, 0, ribbon 
0, 24, 387.4663367064755, 313.09580820376726, La Réunion, 10, 198Au, 0, ribbon 
0, 25, 407.4470385957439, 306.3633700125402, La Réunion, 10, 198Au, 0, ribbon 
0, 26, 426.00054749292167, 298.4511059778294, La Réunion, 10, 198Au, 0, ribbon 
0, 27, 443.12686339800894, 289.3590160996348, La Réunion, 10, 198Au, 0, ribbon 
0, 28, 458.8259863110055, 279.0871003779564, La Réunion, 10, 198Au, 0, ribbon 
0, 29, 473.09791623191154, 267.63535881279427, La Réunion, 10, 198Au, 0, ribbon 
0, 30, 485.942653160727, 255.0037914041483, La Réunion, 10, 198Au, 0, ribbon 
0, 31, 497.3601970974518, 241.1923981520186, La Réunion, 10, 198Au, 0, ribbon 
0, 32, 507.350548042086, 226.20117905640507, La Réunion, 10, 198Au, 0, ribbon 
0, 33, 515.9137059946297, 210.03013411730777, La Réunion, 10, 198Au, 0, ribbon 
0, 34, 523.0496709550827, 192.67926333472667, La Réunion, 10, 198Au, 0, ribbon 
0, 35, 528.758442923445, 174.1485667086618, La Réunion, 10, 198Au, 0, ribbon 
0, 36, 533.0400218997169, 154.43804423911314, La Réunion, 10, 198Au, 0, ribbon 
0, 37, 535.8944078838981, 133.54769592608073, La Réunion, 10, 198Au, 0, ribbon 
0, 38, 537.3216008759887, 111.47752176956453, La Réunion, 10, 198Au, 0, ribbon 
0, 39, 537.5, 100, La Réunion, 10, 198Au, 0, ribbon 
0, 40, 537.5, 100, La Réunion, 10, 198Au, 0, ribbon 
1, 0, 595.3752831115949, 109.2333413656502, La Réunion, 10, 58Co, 0, ribbon 
1, 1, 602.3289880882801, 111.66353445713565, La Réunion, 10, 58Co, 0, ribbon 
1, 2, 615.8997397163843, 117.3302597323268, La Réunion, 10, 58Co, 0, ribbon 
1, 3, 628.9704338654122, 124.04580833805039, La Réunion, 10, 58Co, 0, ribbon 
1, 4, 641.4796548808991, 131.77862572339288, La Réunion, 10, 58Co, 0, ribbon 
1, 5, 647.5045205715443, 136.01664941126072, La Réunion, 10, 58Co, 0, ribbon 
1, 6, 640.5555931386344, 145.25851227494104, La Réunion, 10, 58Co, 0, ribbon 
1, 7, 626.2158688896845, 162.9496587136062, La Réunion, 10, 58Co, 0, ribbon 
1, 8, 611.2869854632277, 179.58403276734413, La Réunion, 10, 58Co, 0, ribbon 
1, 9, 595.7689428592639, 195.1616344361548, La Réunion, 10, 58Co, 0, ribbon 
1, 10, 579.6617410777932, 209.68246372003824, La Réunion, 10, 58Co, 0, ribbon 
1, 11, 562.9653801188156, 223.14652061899443, La Réunion, 10, 58Co, 0, ribbon 
1, 12, 545.6798599823311, 235.55380513302342, La Réunion, 10, 58Co, 0, ribbon 
1, 13, 527.8051806683396, 246.90431726212515, La Réunion, 10, 58Co, 0, ribbon 
1, 14, 509.34134217684135, 257.1980570062996, La Réunion, 10, 58Co, 0, ribbon 
1, 15, 490.2883445078361, 266.43502436554684, La Réunion, 10, 58Co, 0, ribbon 
1, 16, 470.64618766132395, 274.6152193398669, La Réunion, 10, 58Co, 0, ribbon 
1, 17, 450.4148716373049, 281.73864192925964, La Réunion, 10, 58Co, 0, ribbon 
1, 18, 429.5943964357789, 287.8052921337252, La Réunion, 10, 58Co, 0, ribbon 
1, 19, 408.184762056746, 292.8151699532634, La Réunion, 10, 58Co, 0, ribbon 
1, 20, 386.18596850020623, 296.7682753878745, La Réunion, 10, 58Co, 0, ribbon 
1, 21, 363.5980157661595, 299.6646084375583, La Réunion, 10, 58Co, 0, ribbon 
1, 22, 352.0831047075711, 300.71648531805243, La Réunion, 10, 58Co, 0, ribbon 
1, 23, 363.54710830770256, 299.63845286329496, La Réunion, 10, 58Co, 0, ribbon 
1, 24, 385.72780137409336, 296.53287521950483, La Réunion, 10, 58Co, 0, ribbon 
1, 25, 406.9120755953215, 292.16128059668114, La Réunion, 10, 58Co, 0, ribbon 
1, 26, 427.09993097138675, 286.5236689948239, La Réunion, 10, 58Co, 0, ribbon 
1, 27, 446.29136750228935, 279.620040413933, La Réunion, 10, 58Co, 0, ribbon 
1, 28, 464.4863851880291, 271.4503948540086, La Réunion, 10, 58Co, 0, ribbon 
1, 29, 481.68498402860615, 262.0147323150506, La Réunion, 10, 58Co, 0, ribbon 
1, 30, 497.88716402402036, 251.31305279705904, La Réunion, 10, 58Co, 0, ribbon 
1, 31, 513.0929251742718, 239.3453563000339, La Réunion, 10, 58Co, 0, ribbon 
1, 32, 527.3022674793606, 226.1116428239752, La Réunion, 10, 58Co, 0, ribbon 
1, 33, 540.5151909392865, 211.6119123688829, La Réunion, 10, 58Co, 0, ribbon 
1, 34, 552.7316955540497, 195.84616493475707, La Réunion, 10, 58Co, 0, ribbon 
1, 35, 563.9517813236502, 178.81440052159763, La Réunion, 10, 58Co, 0, ribbon 
1, 36, 574.1754482480878, 160.5166191294046, La Réunion, 10, 58Co, 0, ribbon 
1, 37, 583.4026963273626, 140.95282075817804, La Réunion, 10, 58Co, 0, ribbon 
1, 38, 591.6335255614748, 120.1230054079179, La Réunion, 10, 58Co, 0, ribbon 
1, 39, 595.3752831115949, 109.2333413656502, La Réunion, 10, 58Co, 0, ribbon 
1, 40, 595.3752831115949, 109.2333413656502, La Réunion, 10, 58Co, 0, ribbon 
2, 0, 647.5045205715443, 136.01664941126072, La Réunion, 10, 56Co, 0, ribbon 
2, 1, 653.3568597023633, 140.48990078845907, La Réunion, 10, 56Co, 0, ribbon 
2, 2, 664.4906935228344, 150.09796092823018, La Réunion, 10, 56Co, 0, ribbon 
2, 3, 674.8229443636498, 160.5471825100228, La Réunion, 10, 56Co, 0, ribbon 
2, 4, 684.30506375509, 171.78846744766383, La Réunion, 10, 56Co, 0, ribbon 
2, 5, 688.7121527605073, 177.69079052299836, La Réunion, 10, 56Co, 0, ribbon 
2, 6, 679.2275068343308, 184.34875242305867, La Réunion, 10, 56Co, 0, ribbon 
2, 7, 660.0548967101104, 196.9964940696656, La Réunion, 10, 56Co, 0, ribbon 
2, 8, 640.6111955567327, 208.7533261782542, La Réunion, 10, 56Co, 0, ribbon 
2, 9, 620.8964033741979, 219.6192487488246, La Réunion, 10, 56Co, 0, ribbon 
2, 10, 600.910520162506, 229.59426178137664, La Réunion, 10, 56Co, 0, ribbon 
2, 11, 580.653545921657, 238.67836527591044, La Réunion, 10, 56Co, 0, ribbon 
2, 12, 560.1254806516508, 246.8715592324259, La Réunion, 10, 56Co, 0, ribbon 
2, 13, 539.3263243524876, 254.17384365092312, La Réunion, 10, 56Co, 0, ribbon 
2, 14, 518.2560770241672, 260.58521853140206, La Réunion, 10, 56Co, 0, ribbon 
2, 15, 496.9147386666897, 266.1056838738627, La Réunion, 10, 56Co, 0, ribbon 
2, 16, 475.302309280055, 270.73523967830505, La Réunion, 10, 56Co, 0, ribbon 
2, 17, 453.4187888642632, 274.47388594472915, La Réunion, 10, 56Co, 0, ribbon 
2, 18, 431.26417741931436, 277.3216226731349, La Réunion, 10, 56Co, 0, ribbon 
2, 19, 408.83847494520836, 279.27844986352244, La Réunion, 10, 56Co, 0, ribbon 
2, 20, 386.14168144194525, 280.34436751589163, La Réunion, 10, 56Co, 0, ribbon 
2, 21, 363.173796909525, 280.51937563024256, La Réunion, 10, 56Co, 0, ribbon 
2, 22, 351.5881955073809, 280.27278861066117, La Réunion, 10, 56Co, 0, ribbon 
2, 23, 363.1335550812154, 280.47867822681314, La Réunion, 10, 56Co, 0, ribbon 
2, 24, 385.7795049871594, 279.97809088502675, La Réunion, 10, 56Co, 0, ribbon 
2, 25, 407.83242923747, 278.2610147777866, La Réunion, 10, 56Co, 0, ribbon 
2, 26, 429.2923278321472, 275.3274499050928, La Réunion, 10, 56Co, 0, ribbon 
2, 27, 450.159200771191, 271.1773962669452, La Réunion, 10, 56Co, 0, ribbon 
2, 28, 470.4330480546014, 265.8108538633439, La Réunion, 10, 56Co, 0, ribbon 
2, 29, 490.11386968237844, 259.2278226942888, La Réunion, 10, 56Co, 0, ribbon 
2, 30, 509.201665654522, 251.42830275978002, La Réunion, 10, 56Co, 0, ribbon 
2, 31, 527.6964359710322, 242.4122940598175, La Réunion, 10, 56Co, 0, ribbon 
2, 32, 545.598180631909, 232.17979659440124, La Réunion, 10, 56Co, 0, ribbon 
2, 33, 562.9068996371525, 220.7308103635312, La Réunion, 10, 56Co, 0, ribbon 
2, 34, 579.6225929867625, 208.06533536720747, La Réunion, 10, 56Co, 0, ribbon 
2, 35, 595.7452606807391, 194.18337160543, La Réunion, 10, 56Co, 0, ribbon 
2, 36, 611.2749027190823, 179.08491907819882, La Réunion, 10, 56Co, 0, ribbon 
2, 37, 626.2115191017922, 162.7699777855139, La Réunion, 10, 56Co, 0, ribbon 
2, 38, 640.5551098288686, 145.23854772737522, La Réunion, 10, 56Co, 0, ribbon 
2, 39, 647.5045205715443, 136.01664941126072, La Réunion, 10, 56Co, 0, ribbon 
2, 40, 647.5045205715443, 136.01664941126072, La Réunion, 10, 56Co, 0, ribbon 
3, 0, 688.7121527605073, 177.69079052299836, La Réunion, 10, 54Mn, 0, ribbon 
3, 1, 692.882086873545, 183.76298130189784, La Réunion, 10, 54Mn, 0, ribbon 
3, 2, 700.4735997888579, 196.35845694899223, La Réunion, 10, 54Mn, 0, ribbon 
3, 3, 707.0415879551706, 209.50391890643266, La Réunion, 10, 54Mn, 0, ribbon 
3, 4, 712.555190170903, 223.13760020376162, La Réunion, 10, 54Mn, 0, ribbon 
3, 5, 714.9069524218077, 230.11822092661635, La Réunion, 10, 54Mn, 0, ribbon 
3, 6, 692.7047064323594, 236.78319542891086, La Réunion, 10, 54Mn, 0, ribbon 
3, 7, 648.1419528331292, 248.1916571422294, La Réunion, 10, 54Mn, 0, ribbon 
3, 8, 603.3681837401206, 257.0381358005205, La Réunion, 10, 54Mn, 0, ribbon 
3, 9, 558.3833991533336, 263.3226314037842, La Réunion, 10, 54Mn, 0, ribbon 
3, 10, 513.1875990727682, 267.0451439520205, La Réunion, 10, 54Mn, 0, ribbon 
3, 11, 467.7807834984245, 268.2056734452294, La Réunion, 10, 54Mn, 0, ribbon 
3, 12, 422.1629524303024, 266.80421988341095, La Réunion, 10, 54Mn, 0, ribbon 
3, 13, 376.33410586840205, 262.84078326656504, La Réunion, 10, 54Mn, 0, ribbon 
3, 14, 353.340551777285, 259.8983213125068, La Réunion, 10, 54Mn, 0, ribbon 
3, 15, 364.81834219797986, 261.398415597502, La Réunion, 10, 54Mn, 0, ribbon 
3, 16, 387.58087248002073, 263.6110403696535, La Réunion, 10, 54Mn, 0, ribbon 
3, 17, 410.08600201626314, 264.7735800780199, La Réunion, 10, 54Mn, 0, ribbon 
3, 18, 432.33373080670697, 264.88603472260127, La Réunion, 10, 54Mn, 0, ribbon 
3, 19, 454.3240588513524, 263.9484043033974, La Réunion, 10, 54Mn, 0, ribbon 
3, 20, 476.05698615019924, 261.9606888204085, La Réunion, 10, 54Mn, 0, ribbon 
3, 21, 497.5325127032477, 258.92288827363444, La Réunion, 10, 54Mn, 0, ribbon 
3, 22, 518.7506385104975, 254.83500266307527, La Réunion, 10, 54Mn, 0, ribbon 
3, 23, 539.7113635719489, 249.697031988731, La Réunion, 10, 54Mn, 0, ribbon 
3, 24, 560.4146878876019, 243.50897625060162, La Réunion, 10, 54Mn, 0, ribbon 
3, 25, 580.8606114574562, 236.2708354486871, La Réunion, 10, 54Mn, 0, ribbon 
3, 26, 601.0491342815121, 227.9826095829875, La Réunion, 10, 54Mn, 0, ribbon 
3, 27, 620.9802563597696, 218.64429865350274, La Réunion, 10, 54Mn, 0, ribbon 
3, 28, 640.6539776922284, 208.2559026602329, La Réunion, 10, 54Mn, 0, ribbon 
3, 29, 660.0702982788888, 196.8174216031779, La Réunion, 10, 54Mn, 0, ribbon 
3, 30, 679.2292181197507, 184.32885548233781, La Réunion, 10, 54Mn, 0, ribbon 
3, 31, 688.7121527605073, 177.69079052299836, La Réunion, 10, 54Mn, 0, ribbon 
3, 32, 688.7121527605073, 177.69079052299836, La Réunion, 10, 54Mn, 0, ribbon 
4, 0, 714.9069524218077, 230.11822092661635, La Réunion, 10, 57Co, 0, ribbon 
4, 1, 716.9804769236623, 237.18648430582854, La Réunion, 10, 57Co, 0, ribbon 
4, 2, 720.2759589203033, 251.51885583575833, La Réunion, 10, 57Co, 0, ribbon 
4, 3, 722.4275932775754, 266.05543414864815, La Réunion, 10, 57Co, 0, ribbon 
4, 4, 723.4252700395454, 280.7279157496415, La Réunion, 10, 57Co, 0, ribbon 
4, 5, 723.4882149610628, 288.0937754410343, La Réunion, 10, 57Co, 0, ribbon 
4, 6, 700.262372490692, 287.6599173446304, La Réunion, 10, 57Co, 0, ribbon 
4, 7, 653.9467939485221, 285.7593841541747, La Réunion, 10, 57Co, 0, ribbon 
4, 8, 607.812690604448, 282.4817616335219, La Réunion, 10, 57Co, 0, ribbon 
4, 9, 561.8600624584697, 277.827049782672, La Réunion, 10, 57Co, 0, ribbon 
4, 10, 516.0889095105871, 271.7952486016251, La Réunion, 10, 57Co, 0, ribbon 
4, 11, 470.4992317608004, 264.38635809038095, La Réunion, 10, 57Co, 0, ribbon 
4, 12, 425.0910292091095, 255.60037824893976, La Réunion, 10, 57Co, 0, ribbon 
4, 13, 379.8643018555143, 245.43730907730145, La Réunion, 10, 57Co, 0, ribbon 
4, 14, 357.3189913780027, 239.8393659926584, La Réunion, 10, 57Co, 0, ribbon 
4, 15, 368.57759537761956, 242.6247548240931, La Réunion, 10, 57Co, 0, ribbon 
4, 16, 391.07854914130525, 247.59762772281763, La Réunion, 10, 57Co, 0, ribbon 
4, 17, 413.557830590927, 251.773294269349, La Réunion, 10, 57Co, 0, ribbon 
4, 18, 436.01543972648466, 255.1517544636872, La Réunion, 10, 57Co, 0, ribbon 
4, 19, 458.4513765479784, 257.73300830583224, La Réunion, 10, 57Co, 0, ribbon 
4, 20, 480.8656410554081, 259.51705579578413, La Réunion, 10, 57Co, 0, ribbon 
4, 21, 503.2582332487739, 260.5038969335428, La Réunion, 10, 57Co, 0, ribbon 
4, 22, 525.6291531280757, 260.69353171910836, La Réunion, 10, 57Co, 0, ribbon 
4, 23, 547.9784006933135, 260.0859601524807, La Réunion, 10, 57Co, 0, ribbon 
4, 24, 570.3059759444874, 258.6811822336599, La Réunion, 10, 57Co, 0, ribbon 
4, 25, 592.6118788815972, 256.47919796264597, La Réunion, 10, 57Co, 0, ribbon 
4, 26, 614.896109504643, 253.48000733943883, La Réunion, 10, 57Co, 0, ribbon 
4, 27, 637.158667813625, 249.68361036403854, La Réunion, 10, 57Co, 0, ribbon 
4, 28, 659.3995538085428, 245.0900070364451, La Réunion, 10, 57Co, 0, ribbon 
4, 29, 681.6187674893968, 239.69919735665846, La Réunion, 10, 57Co, 0, ribbon 
4, 30, 703.8163088561867, 233.51118132467866, La Réunion, 10, 57Co, 0, ribbon 
4, 31, 714.9069524218077, 230.11822092661635, La Réunion, 10, 57Co, 0, ribbon 
4, 32, 714.9069524218077, 230.11822092661635, La Réunion, 10, 57Co, 0, ribbon 
5, 0, 723.4882149610628, 288.0937754410343, La Réunion, 10, 109Cd, 0, ribbon 
5, 1, 723.2594636414574, 295.45635136186297, La Réunion, 10, 109Cd, 0, ribbon 
5, 2, 721.9317286043798, 310.1026544719798, La Réunion, 10, 109Cd, 0, ribbon 
5, 3, 719.4533879132526, 324.58711048740264, La Réunion, 10, 109Cd, 0, ribbon 
5, 4, 715.8360866198033, 338.8416608649638, La Réunion, 10, 109Cd, 0, ribbon 
5, 5, 713.6039648258726, 345.8614531448062, La Réunion, 10, 109Cd, 0, ribbon 
5, 6, 669.6104640652942, 330.8054624291986, La Réunion, 10, 109Cd, 0, ribbon 
5, 7, 581.8184052194757, 300.14971642154677, La Réunion, 10, 109Cd, 0, ribbon 
5, 8, 494.2862699407752, 268.7689509786463, La Réunion, 10, 109Cd, 0, ribbon 
5, 9, 407.0140582291925, 236.6631661004971, La Réunion, 10, 109Cd, 0, ribbon 
5, 10, 363.47542371107033, 220.33839137320427, La Réunion, 10, 109Cd, 0, ribbon 
5, 11, 385.27522871074956, 228.29778060317187, La Réunion, 10, 109Cd, 0, ribbon 
5, 12, 429.15523649148616, 242.72668797281574, La Réunion, 10, 109Cd, 0, ribbon 
5, 13, 473.4091079807269, 255.16910055540458, La Réunion, 10, 109Cd, 0, ribbon 
5, 14, 518.0368431784718, 265.6250183509384, La Réunion, 10, 109Cd, 0, ribbon 
5, 15, 563.0384420847208, 274.09444135941715, La Réunion, 10, 109Cd, 0, ribbon 
5, 16, 608.4139046994741, 280.57736958084087, La Réunion, 10, 109Cd, 0, ribbon 
5, 17, 654.1632310227315, 285.07380301520953, La Réunion, 10, 109Cd, 0, ribbon 
5, 18, 700.2864210544931, 287.58374166252315, La Réunion, 10, 109Cd, 0, ribbon 
5, 19, 723.4882149610628, 288.0937754410343, La Réunion, 10, 109Cd, 0, ribbon 
5, 20, 723.4882149610628, 288.0937754410343, La Réunion, 10, 109Cd, 0, ribbon 
6, 0, 713.6039648258726, 345.8614531448062, La Réunion, 10, 51Cr, 0, ribbon 
6, 1, 711.0956488461463, 352.7873611789047, La Réunion, 10, 51Cr, 0, ribbon 
6, 2, 705.2765185962201, 366.293463442686, La Réunion, 10, 51Cr, 0, ribbon 
6, 3, 698.4142605479249, 379.28773347536384, La Réunion, 10, 51Cr, 0, ribbon 
6, 4, 690.5411186079764, 391.70911468667913, La Réunion, 10, 51Cr, 0, ribbon 
6, 5, 686.2355423994809, 397.68589179986986, La Réunion, 10, 51Cr, 0, ribbon 
6, 6, 667.577079964499, 383.8318624077561, La Réunion, 10, 51Cr, 0, ribbon 
6, 7, 629.8610372842555, 356.7640461207484, La Réunion, 10, 51Cr, 0, ribbon 
6, 8, 591.6128375236387, 330.5498864967004, La Réunion, 10, 51Cr, 0, ribbon 
6, 9, 552.8324806826486, 305.18938353561225, La Réunion, 10, 51Cr, 0, ribbon 
6, 10, 513.5199667612851, 280.68253723748376, La Réunion, 10, 51Cr, 0, ribbon 
6, 11, 473.67529575954836, 257.0293476023151, La Réunion, 10, 51Cr, 0, ribbon 
6, 12, 433.2984676774383, 234.22981463010615, La Réunion, 10, 51Cr, 0, ribbon 
6, 13, 392.38948251495486, 212.28393832085698, La Réunion, 10, 51Cr, 0, ribbon 
6, 14, 371.7354310285732, 201.63112141484228, La Réunion, 10, 51Cr, 0, ribbon 
6, 15, 392.49639041505793, 212.08149910736063, La Réunion, 10, 51Cr, 0, ribbon 
6, 16, 434.2606387783661, 232.40786170863908, La Réunion, 10, 51Cr, 0, ribbon 
6, 17, 476.34799326212567, 251.96836726490653, La Réunion, 10, 51Cr, 0, ribbon 
6, 18, 518.7584538663367, 270.763015776163, La Réunion, 10, 51Cr, 0, ribbon 
6, 19, 561.4920205909991, 288.7918072424085, La Réunion, 10, 51Cr, 0, ribbon 
6, 20, 604.5486934361129, 306.05474166364303, La Réunion, 10, 51Cr, 0, ribbon 
6, 21, 647.9284724016783, 322.55181903986653, La Réunion, 10, 51Cr, 0, ribbon 
6, 22, 691.6313574876949, 338.2830393710791, La Réunion, 10, 51Cr, 0, ribbon 
6, 23, 713.6039648258726, 345.8614531448062, La Réunion, 10, 51Cr, 0, ribbon 
6, 24, 713.6039648258726, 345.8614531448062, La Réunion, 10, 51Cr, 0, ribbon 
7, 0, 686.2355423994809, 397.68589179986986, La Réunion, 10, 65Zn, 0, ribbon 
7, 1, 681.696695509319, 403.4875053598099, La Réunion, 10, 65Zn, 0, ribbon 
7, 2, 671.9639121558985, 414.5124771725289, La Réunion, 10, 65Zn, 0, ribbon 
7, 3, 661.3990439552373, 424.7264479738965, La Réunion, 10, 65Zn, 0, ribbon 
7, 4, 650.0517324076021, 434.08142504174884, La Réunion, 10, 65Zn, 0, ribbon 
7, 5, 644.1001733475026, 438.42179319993056, La Réunion, 10, 65Zn, 0, ribbon 
7, 6, 630.5841334811265, 419.56580920279765, La Réunion, 10, 65Zn, 0, ribbon 
7, 7, 602.4059445607448, 383.03428212568235, La Réunion, 10, 65Zn, 0, ribbon 
7, 8, 572.6996100568571, 348.0766762714344, La Réunion, 10, 65Zn, 0, ribbon 
7, 9, 541.4651299694632, 314.6929916400538, La Réunion, 10, 65Zn, 0, ribbon 
7, 10, 508.70250429856327, 282.8832282315405, La Réunion, 10, 65Zn, 0, ribbon 
7, 11, 474.41173304415736, 252.64738604589456, La Réunion, 10, 65Zn, 0, ribbon 
7, 12, 438.5928162062453, 223.98546508311597, La Réunion, 10, 65Zn, 0, ribbon 
7, 13, 401.24575378482723, 196.89746534320471, La Réunion, 10, 65Zn, 0, ribbon 
7, 14, 381.9991679803034, 183.94368593182435, La Réunion, 10, 65Zn, 0, ribbon 
7, 15, 420.7686683349117, 209.60822660092597, La Réunion, 10, 65Zn, 0, ribbon 
7, 16, 497.673423142233, 261.8400808514756, La Réunion, 10, 65Zn, 0, ribbon 
7, 17, 573.7325167470274, 315.27563231848694, La Réunion, 10, 65Zn, 0, ribbon 
7, 18, 648.9459491492947, 369.9148810019601, La Réunion, 10, 65Zn, 0, ribbon 
7, 19, 686.2355423994809, 397.68589179986986, La Réunion, 10, 65Zn, 0, ribbon 
7, 20, 686.2355423994809, 397.68589179986986, La Réunion, 10, 65Zn, 0, ribbon 
8, 0, 644.1001733475026, 438.42179319993056, La Réunion, 10, 181W, 0, ribbon 
8, 1, 637.9814269418085, 442.5231093323758, La Réunion, 10, 181W, 0, ribbon 
8, 2, 625.301292779677, 449.9723557800761, La Réunion, 10, 181W, 0, ribbon 
8, 3, 612.0827288385093, 456.3919511978024, La Réunion, 10, 181W, 0, ribbon 
8, 4, 598.3878455446513, 461.75173165709003, La Réunion, 10, 181W, 0, ribbon 
8, 5, 591.3811936486966, 464.0247650496741, La Réunion, 10, 181W, 0, ribbon 
8, 6, 587.9262399071506, 452.95633701163655, La Réunion, 10, 181W, 0, ribbon 
8, 7, 580.4920575930439, 431.16819960096433, La Réunion, 10, 181W, 0, ribbon 
8, 8, 572.3588421709176, 409.8450204108291, La Réunion, 10, 181W, 0, ribbon 
8, 9, 563.5265936407717, 388.9867994412309, La Réunion, 10, 181W, 0, ribbon 
8, 10, 553.995312002606, 368.59353669216966, La Réunion, 10, 181W, 0, ribbon 
8, 11, 543.7649972564209, 348.6652321636455, La Réunion, 10, 181W, 0, ribbon 
8, 12, 532.8356494022162, 329.2018858556583, La Réunion, 10, 181W, 0, ribbon 
8, 13, 521.2072684399917, 310.20349776820814, La Réunion, 10, 181W, 0, ribbon 
8, 14, 508.8798543697477, 291.670067901295, La Réunion, 10, 181W, 0, ribbon 
8, 15, 495.85340719148405, 273.6015962549189, La Réunion, 10, 181W, 0, ribbon 
8, 16, 482.12792690520075, 255.99808282907975, La Réunion, 10, 181W, 0, ribbon 
8, 17, 467.70341351089786, 238.85952762377764, La Réunion, 10, 181W, 0, ribbon 
8, 18, 452.5798670085753, 222.18593063901255, La Réunion, 10, 181W, 0, ribbon 
8, 19, 436.7572873982332, 205.97729187478447, La Réunion, 10, 181W, 0, ribbon 
8, 20, 420.23567467987147, 190.2336113310934, La Réunion, 10, 181W, 0, ribbon 
8, 21, 403.01502885349004, 174.95488900793936, La Réunion, 10, 181W, 0, ribbon 
8, 22, 394.142568524792, 167.48988717906371, La Réunion, 10, 181W, 0, ribbon 
8, 23, 411.9186644196317, 182.4361187831612, La Réunion, 10, 181W, 0, ribbon 
8, 24, 446.60935797194287, 213.12338700023884, La Réunion, 10, 181W, 0, ribbon 
8, 25, 480.15138720776326, 244.87039522916007, La Réunion, 10, 181W, 0, ribbon 
8, 26, 512.5447521270929, 277.67714346992483, La Réunion, 10, 181W, 0, ribbon 
8, 27, 543.7894527299317, 311.5436317225332, La Réunion, 10, 181W, 0, ribbon 
8, 28, 573.8854890162797, 346.4698599869851, La Réunion, 10, 181W, 0, ribbon 
8, 29, 602.832860986137, 382.45582826328064, La Réunion, 10, 181W, 0, ribbon 
8, 30, 630.6315686395034, 419.5015365514197, La Réunion, 10, 181W, 0, ribbon 
8, 31, 644.1001733475026, 438.42179319993056, La Réunion, 10, 181W, 0, ribbon 
8, 32, 644.1001733475026, 438.42179319993056, La Réunion, 10, 181W, 0, ribbon 
9, 0, 591.3811936486966, 464.0247650496741, La Réunion, 10, 124Sb, 0, ribbon 
9, 1, 584.2900365359596, 466.0185918262908, La Réunion, 10, 124Sb, 0, ribbon 
9, 2, 569.9214764085017, 469.1525276685561, La Réunion, 10, 124Sb, 0, ribbon 
9, 3, 555.3615988090626, 471.1403895215433, La Réunion, 10, 124Sb, 0, ribbon 
9, 4, 540.6788162144392, 471.97283693566783, La Réunion, 10, 124Sb, 0, ribbon 
9, 5, 533.3127144429324, 471.9528613376615, La Réunion, 10, 124Sb, 0, ribbon 
9, 6, 533.4438842043685, 460.3820003524854, La Réunion, 10, 124Sb, 0, ribbon 
9, 7, 532.9230102119569, 437.5474354726998, La Réunion, 10, 124Sb, 0, ribbon 
9, 8, 531.3578515325005, 415.12241338033624, La Réunion, 10, 124Sb, 0, ribbon 
9, 9, 528.7484081659991, 393.1069340753948, La Réunion, 10, 124Sb, 0, ribbon 
9, 10, 525.0946801124526, 371.50099755787545, La Réunion, 10, 124Sb, 0, ribbon 
9, 11, 520.3966673718612, 350.3046038277781, La Réunion, 10, 124Sb, 0, ribbon 
9, 12, 514.6543699442249, 329.5177528851029, La Réunion, 10, 124Sb, 0, ribbon 
9, 13, 507.8677878295436, 309.1404447298497, La Réunion, 10, 124Sb, 0, ribbon 
9, 14, 500.03692102781736, 289.17267936201864, La Réunion, 10, 124Sb, 0, ribbon 
9, 15, 491.1617695390461, 269.61445678160965, La Réunion, 10, 124Sb, 0, ribbon 
9, 16, 481.24233336322993, 250.46577698862268, La Réunion, 10, 124Sb, 0, ribbon 
9, 17, 470.27861250036875, 231.72663998305785, La Réunion, 10, 124Sb, 0, ribbon 
9, 18, 458.2706069504626, 213.39704576491505, La Réunion, 10, 124Sb, 0, ribbon 
9, 19, 445.2183167135115, 195.47699433419433, La Réunion, 10, 124Sb, 0, ribbon 
9, 20, 431.12174178951545, 177.96648569089572, La Réunion, 10, 124Sb, 0, ribbon 
9, 21, 415.9808821784744, 160.86551983501917, La Réunion, 10, 124Sb, 0, ribbon 
9, 22, 408.018845615312, 152.46861545236416, La Réunion, 10, 124Sb, 0, ribbon 
9, 23, 423.90867756677306, 169.33384078840473, La Réunion, 10, 124Sb, 0, ribbon 
9, 24, 453.9164673899453, 204.10710506600236, La Réunion, 10, 124Sb, 0, ribbon 
9, 25, 481.56175844011784, 240.27078748428872, La Réunion, 10, 124Sb, 0, ribbon 
9, 26, 506.84455071729064, 277.82488804326374, La Réunion, 10, 124Sb, 0, ribbon 
9, 27, 529.7648442214637, 316.7694067429275, La Réunion, 10, 124Sb, 0, ribbon 
9, 28, 550.322638952637, 357.10434358327996, La Réunion, 10, 124Sb, 0, ribbon 
9, 29, 568.5179349108107, 398.82969856432106, La Réunion, 10, 124Sb, 0, ribbon 
9, 30, 584.3507320959845, 441.94547168605095, La Réunion, 10, 124Sb, 0, ribbon 
9, 31, 591.3811936486966, 464.0247650496741, La Réunion, 10, 124Sb, 0, ribbon 
9, 32, 591.3811936486966, 464.0247650496741, La Réunion, 10, 124Sb, 0, ribbon 
10, 0, 512.9244328332073, 470.3693073654898, Martinique, 6, 131I, 0, ribbon 
10, 1, 504.20248639935494, 468.995288566113, Martinique, 6, 131I, 0, ribbon 
10, 2, 487.0127400938164, 465.0168613269698, Martinique, 6, 131I, 0, ribbon 
10, 3, 478.57400072392835, 462.4191786890427, Martinique, 6, 131I, 0, ribbon 
10, 4, 482.0879638293243, 451.42176969249175, Martinique, 6, 131I, 0, ribbon 
10, 5, 488.10241894396506, 429.5996897284749, Martinique, 6, 131I, 0, ribbon 
10, 6, 492.7655792637376, 408.00792713657165, Martinique, 6, 131I, 0, ribbon 
10, 7, 496.07744478864197, 386.6464819167819, Martinique, 6, 131I, 0, ribbon 
10, 8, 498.0380155186781, 365.51535406910574, Martinique, 6, 131I, 0, ribbon 
10, 9, 498.64729145384604, 344.6145435935431, Martinique, 6, 131I, 0, ribbon 
10, 10, 497.9052725941458, 323.94405049009396, Martinique, 6, 131I, 0, ribbon 
10, 11, 495.8119589395773, 303.50387475875834, Martinique, 6, 131I, 0, ribbon 
10, 12, 492.36735049014067, 283.2940163995363, Martinique, 6, 131I, 0, ribbon 
10, 13, 487.5714472458358, 263.3144754124278, Martinique, 6, 131I, 0, ribbon 
10, 14, 481.42424920666275, 243.56525179743275, Martinique, 6, 131I, 0, ribbon 
10, 15, 473.9257563726215, 224.0463455545513, Martinique, 6, 131I, 0, ribbon 
10, 16, 465.075968743712, 204.75775668378336, Martinique, 6, 131I, 0, ribbon 
10, 17, 454.8748863199344, 185.69948518512896, Martinique, 6, 131I, 0, ribbon 
10, 18, 443.32250910128846, 166.87153105858812, Martinique, 6, 131I, 0, ribbon 
10, 19, 430.41883708777436, 148.27389430416082, Martinique, 6, 131I, 0, ribbon 
10, 20, 423.4602655329418, 139.06144494148973, Martinique, 6, 131I, 0, ribbon 
10, 21, 430.4523824316311, 148.2816581016964, Martinique, 6, 131I, 0, ribbon 
10, 22, 443.62441719599894, 166.94140523640846, Martinique, 6, 131I, 0, ribbon 
10, 23, 455.7135199163523, 185.8935801235188, Martinique, 6, 131I, 0, ribbon 
10, 24, 466.7196905926912, 205.13818276302743, Martinique, 6, 131I, 0, ribbon 
10, 25, 476.6429292250156, 224.6752131549343, Martinique, 6, 131I, 0, ribbon 
10, 26, 485.4832358133256, 244.50467129923948, Martinique, 6, 131I, 0, ribbon 
10, 27, 493.2406103576211, 264.62655719594295, Martinique, 6, 131I, 0, ribbon 
10, 28, 499.9150528579022, 285.04087084504465, Martinique, 6, 131I, 0, ribbon 
10, 29, 505.5065633141688, 305.7476122465447, Martinique, 6, 131I, 0, ribbon 
10, 30, 510.0151417264209, 326.74678140044296, Martinique, 6, 131I, 0, ribbon 
10, 31, 513.4407880946586, 348.0383783067395, Martinique, 6, 131I, 0, ribbon 
10, 32, 515.7835024188818, 369.6224029654344, Martinique, 6, 131I, 0, ribbon 
10, 33, 517.0432846990906, 391.49885537652744, Martinique, 6, 131I, 0, ribbon 
10, 34, 517.2201349352849, 413.66773554001884, Martinique, 6, 131I, 0, ribbon 
10, 35, 516.3140531274647, 436.1290434559085, Martinique, 6, 131I, 0, ribbon 
10, 36, 514.32503927563, 458.8827791241965, Martinique, 6, 131I, 0, ribbon 
10, 37, 512.9244328332073, 470.3693073654898, Martinique, 6, 131I, 0, ribbon 
10, 38, 512.9244328332073, 470.3693073654898, Martinique, 6, 131I, 0, ribbon 
11, 0, 478.57400072392835, 462.4191786890427, Martinique, 6, 111In, 0, ribbon 
11, 1, 470.26804786993034, 459.4239449139062, Martinique, 6, 111In, 0, ribbon 
11, 2, 454.1379071894167, 452.2731533950074, Martinique, 6, 111In, 0, ribbon 
11, 3, 446.3409883364027, 448.12968448904144, Martinique, 6, 111In, 0, ribbon 
11, 4, 451.8544628581073, 438.0000558914704, Martinique, 6, 111In, 0, ribbon 
11, 5, 461.7776296578952, 417.76165879429317, Martinique, 6, 111In, 0, ribbon 
11, 6, 470.2290867995215, 397.55107516106887, Martinique, 6, 111In, 0, ribbon 
11, 7, 477.208834282986, 377.3683049917974, Martinique, 6, 111In, 0, ribbon 
11, 8, 482.71687210828884, 357.2133482864789, Martinique, 6, 111In, 0, ribbon 
11, 9, 486.7532002754299, 337.0862050451133, Martinique, 6, 111In, 0, ribbon 
11, 10, 489.31781878440927, 316.9868752677006, Martinique, 6, 111In, 0, ribbon 
11, 11, 490.410727635227, 296.9153589542408, Martinique, 6, 111In, 0, ribbon 
11, 12, 490.0319268278829, 276.8716561047339, Martinique, 6, 111In, 0, ribbon 
11, 13, 488.18141636237715, 256.85576671918, Martinique, 6, 111In, 0, ribbon 
11, 14, 484.85919623870967, 236.86769079757894, Martinique, 6, 111In, 0, ribbon 
11, 15, 480.0652664568805, 216.90742833993085, Martinique, 6, 111In, 0, ribbon 
11, 16, 473.7996270168896, 196.9749793462356, Martinique, 6, 111In, 0, ribbon 
11, 17, 466.062277918737, 177.07034381649333, Martinique, 6, 111In, 0, ribbon 
11, 18, 456.85321916242265, 157.19352175070392, Martinique, 6, 111In, 0, ribbon 
11, 19, 446.17245074794664, 137.34451314886746, Martinique, 6, 111In, 0, ribbon 
11, 20, 440.28017541889795, 127.4304388969316, Martinique, 6, 111In, 0, ribbon 
11, 21, 446.20392829910634, 137.35846773304718, Martinique, 6, 111In, 0, ribbon 
11, 22, 457.1365171228599, 157.31911300832115, Martinique, 6, 111In, 0, ribbon 
11, 23, 466.84921669772933, 177.41920842098554, Martinique, 6, 111In, 0, ribbon 
11, 24, 475.3420270237146, 197.65875397104037, Martinique, 6, 111In, 0, ribbon 
11, 25, 482.61494810081564, 218.0377496584856, Martinique, 6, 111In, 0, ribbon 
11, 26, 488.6679799290325, 238.5561954833213, Martinique, 6, 111In, 0, ribbon 
11, 27, 493.50112250836526, 259.2140914455474, Martinique, 6, 111In, 0, ribbon 
11, 28, 497.1143758388139, 280.0114375451639, Martinique, 6, 111In, 0, ribbon 
11, 29, 499.50773992037824, 300.94823378217086, Martinique, 6, 111In, 0, ribbon 
11, 30, 500.6812147530585, 322.02448015656825, Martinique, 6, 111In, 0, ribbon 
11, 31, 500.63480033685454, 343.240176668356, Martinique, 6, 111In, 0, ribbon 
11, 32, 499.3684966717664, 364.5953233175343, Martinique, 6, 111In, 0, ribbon 
11, 33, 496.88230375779415, 386.08992010410293, Martinique, 6, 111In, 0, ribbon 
11, 34, 493.1762215949377, 407.72396702806196, Martinique, 6, 111In, 0, ribbon 
11, 35, 488.25025018319707, 429.49746408941144, Martinique, 6, 111In, 0, ribbon 
11, 36, 482.1043895225723, 451.4104112881514, Martinique, 6, 111In, 0, ribbon 
11, 37, 478.57400072392835, 462.4191786890427, Martinique, 6, 111In, 0, ribbon 
11, 38, 478.57400072392835, 462.4191786890427, Martinique, 6, 111In, 0, ribbon 
12, 0, 446.3409883364027, 448.12968448904144, Martinique, 6, 99mTc, 0, ribbon 
12, 1, 438.7494914257278, 443.6208650848065, Martinique, 6, 99mTc, 0, ribbon 
12, 2, 424.25856927801925, 433.5546624913524, Martinique, 6, 99mTc, 0, ribbon 
12, 3, 417.3836418940183, 428.0142968695601, Martinique, 6, 99mTc, 0, ribbon 
12, 4, 424.6962452340325, 419.11274949442225, Martinique, 6, 99mTc, 0, ribbon 
12, 5, 438.1534376644032, 401.15573181940414, Martinique, 6, 99mTc, 0, ribbon 
12, 6, 450.0532777618969, 382.993483578063, Martinique, 6, 99mTc, 0, ribbon 
12, 7, 460.3957655265136, 364.62600477039877, Martinique, 6, 99mTc, 0, ribbon 
12, 8, 469.1809009582533, 346.05329539641144, Martinique, 6, 99mTc, 0, ribbon 
12, 9, 476.408684057116, 327.27535545610107, Martinique, 6, 99mTc, 0, ribbon 
12, 10, 482.07911482310163, 308.2921849494676, Martinique, 6, 99mTc, 0, ribbon 
12, 11, 486.1921932562103, 289.1037838765111, Martinique, 6, 99mTc, 0, ribbon 
12, 12, 488.74791935644197, 269.71015223723145, Martinique, 6, 99mTc, 0, ribbon 
12, 13, 489.7462931237966, 250.1112900316288, Martinique, 6, 99mTc, 0, ribbon 
12, 14, 489.18731455827424, 230.30719725970306, Martinique, 6, 99mTc, 0, ribbon 
12, 15, 487.07098365987486, 210.29787392145425, Martinique, 6, 99mTc, 0, ribbon 
12, 16, 483.3973004285985, 190.08332001688234, Martinique, 6, 99mTc, 0, ribbon 
12, 17, 478.1662648644451, 169.66353554598737, Martinique, 6, 99mTc, 0, ribbon 
12, 18, 471.3778769674147, 149.03852050876932, Martinique, 6, 99mTc, 0, ribbon 
12, 19, 463.0321367375073, 128.20827490522822, Martinique, 6, 99mTc, 0, ribbon 
12, 20, 458.27525949772473, 117.71619064108651, Martinique, 6, 99mTc, 0, ribbon 
12, 21, 463.06041539614245, 128.2279188384504, Martinique, 6, 99mTc, 0, ribbon 
12, 22, 471.63238489513094, 149.21531590776868, Martinique, 6, 99mTc, 0, ribbon 
12, 23, 478.8732313303236, 170.15463387654114, Martinique, 6, 99mTc, 0, ribbon 
12, 24, 484.78295470172037, 191.04587274476768, Martinique, 6, 99mTc, 0, ribbon 
12, 25, 489.36155500932125, 211.88903251244835, Martinique, 6, 99mTc, 0, ribbon 
12, 26, 492.6090322531263, 232.68411317958316, Martinique, 6, 99mTc, 0, ribbon 
12, 27, 494.5253864331354, 253.4311147461721, Martinique, 6, 99mTc, 0, ribbon 
12, 28, 495.11061754934866, 274.13003721221514, Martinique, 6, 99mTc, 0, ribbon 
12, 29, 494.36472560176605, 294.78088057771237, Martinique, 6, 99mTc, 0, ribbon 
12, 30, 492.2877105903875, 315.38364484266367, Martinique, 6, 99mTc, 0, ribbon 
12, 31, 488.87957251521317, 335.93833000706906, Martinique, 6, 99mTc, 0, ribbon 
12, 32, 484.1403113762429, 356.44493607092863, Martinique, 6, 99mTc, 0, ribbon 
12, 33, 478.06992717347674, 376.90346303424235, Martinique, 6, 99mTc, 0, ribbon 
12, 34, 470.6684199069147, 397.31391089701015, Martinique, 6, 99mTc, 0, ribbon 
12, 35, 461.9357895765568, 417.6762796592321, Martinique, 6, 99mTc, 0, ribbon 
12, 36, 451.872036182403, 437.9905693209081, Martinique, 6, 99mTc, 0, ribbon 
12, 37, 446.3409883364027, 448.12968448904144, Martinique, 6, 99mTc, 0, ribbon 
12, 38, 446.3409883364027, 448.12968448904144, Martinique, 6, 99mTc, 0, ribbon 
13, 0, 417.3836418940183, 428.0142968695601, Martinique, 6, 201Tl, 0, ribbon 
13, 1, 410.77939025788135, 422.15390967867387, Martinique, 6, 201Tl, 0, ribbon 
13, 2, 398.44839680707685, 409.5340103093573, Martinique, 6, 201Tl, 0, ribbon 
13, 3, 392.7425013485795, 402.79583290590466, Martinique, 6, 201Tl, 0, ribbon 
13, 4, 401.58962089131194, 395.4383120573028, Martinique, 6, 201Tl, 0, ribbon 
13, 5, 418.082515238889, 380.37658260820245, Martinique, 6, 201Tl, 0, ribbon 
13, 6, 432.9736166026156, 364.85260282323975, Martinique, 6, 201Tl, 0, ribbon 
13, 7, 446.2629249824916, 348.8663727024147, Martinique, 6, 201Tl, 0, ribbon 
13, 8, 457.9504403785171, 332.4178922457274, Martinique, 6, 201Tl, 0, ribbon 
13, 9, 468.0361627906921, 315.5071614531778, Martinique, 6, 201Tl, 0, ribbon 
13, 10, 476.52009221901665, 298.13418032476585, Martinique, 6, 201Tl, 0, ribbon 
13, 11, 483.40222866349063, 280.2989488604916, Martinique, 6, 201Tl, 0, ribbon 
13, 12, 488.68257212411413, 262.001467060355, Martinique, 6, 201Tl, 0, ribbon 
13, 13, 492.3611226008871, 243.24173492435617, Martinique, 6, 201Tl, 0, ribbon 
13, 14, 494.43788009380955, 224.01975245249503, Martinique, 6, 201Tl, 0, ribbon 
13, 15, 494.9128446028815, 204.33551964477152, Martinique, 6, 201Tl, 0, ribbon 
13, 16, 493.7860161281029, 184.1890365011857, Martinique, 6, 201Tl, 0, ribbon 
13, 17, 491.05739466947387, 163.58030302173762, Martinique, 6, 201Tl, 0, ribbon 
13, 18, 486.72698022699427, 142.50931920642716, Martinique, 6, 201Tl, 0, ribbon 
13, 19, 480.7947728006642, 120.97608505525449, Martinique, 6, 201Tl, 0, ribbon 
13, 20, 477.22799671855523, 110.03612410371977, Martinique, 6, 201Tl, 0, ribbon 
13, 21, 480.81883641447814, 121.00071246146899, Martinique, 6, 201Tl, 0, ribbon 
13, 22, 486.94355275131943, 142.73096586235778, Martinique, 6, 201Tl, 0, ribbon 
13, 23, 491.6589850148215, 164.19598817710028, Martinique, 6, 201Tl, 0, ribbon 
13, 24, 494.9651332049843, 185.39577940569657, Martinique, 6, 201Tl, 0, ribbon 
13, 25, 496.8619973218078, 206.3303395481466, Martinique, 6, 201Tl, 0, ribbon 
13, 26, 497.349577365292, 226.9996686044504, Martinique, 6, 201Tl, 0, ribbon 
13, 27, 496.427873335437, 247.4037665746079, Martinique, 6, 201Tl, 0, ribbon 
13, 28, 494.09688523224276, 267.5426334586192, Martinique, 6, 201Tl, 0, ribbon 
13, 29, 490.3566130557092, 287.4162692564842, Martinique, 6, 201Tl, 0, ribbon 
13, 30, 485.2070568058364, 307.024673968203, Martinique, 6, 201Tl, 0, ribbon 
13, 31, 478.64821648262426, 326.3678475937755, Martinique, 6, 201Tl, 0, ribbon 
13, 32, 470.6800920860729, 345.44579013320174, Martinique, 6, 201Tl, 0, ribbon 
13, 33, 461.3026836161822, 364.25850158648177, Martinique, 6, 201Tl, 0, ribbon 
13, 34, 450.5159910729523, 382.8059819536155, Martinique, 6, 201Tl, 0, ribbon 
13, 35, 438.32001445638315, 401.0882312346031, Martinique, 6, 201Tl, 0, ribbon 
13, 36, 424.7147537664747, 419.1052494294443, Martinique, 6, 201Tl, 0, ribbon 
13, 37, 417.3836418940183, 428.0142968695601, Martinique, 6, 201Tl, 0, ribbon 
13, 38, 417.3836418940183, 428.0142968695601, Martinique, 6, 201Tl, 0, ribbon 
14, 0, 392.7425013485795, 402.79583290590466, Martinique, 6, 67Ga, 0, ribbon 
14, 1, 387.3628091047619, 395.79446236902515, Martinique, 6, 67Ga, 0, ribbon 
14, 2, 377.6348406154675, 381.074343913531, Martinique, 6, 67Ga, 0, ribbon 
14, 3, 373.3030100968622, 373.38048126869563, Martinique, 6, 67Ga, 0, ribbon 
14, 4, 383.3653339777261, 367.8272710680088, Martinique, 6, 67Ga, 0, ribbon 
14, 5, 402.29005381096067, 356.16926993827497, Martinique, 6, 67Ga, 0, ribbon 
14, 6, 419.61486973953765, 343.77582783739433, Martinique, 6, 67Ga, 0, ribbon 
14, 7, 435.3397817634569, 330.6469447653668, Martinique, 6, 67Ga, 0, ribbon 
14, 8, 449.46478988271855, 316.78262072219246, Martinique, 6, 67Ga, 0, ribbon 
14, 9, 461.9898940973226, 302.1828557078712, Martinique, 6, 67Ga, 0, ribbon 
14, 10, 472.9150944072689, 286.84764972240316, Martinique, 6, 67Ga, 0, ribbon 
14, 11, 482.2403908125576, 270.7770027657882, Martinique, 6, 67Ga, 0, ribbon 
14, 12, 489.96578331318864, 253.97091483802646, Martinique, 6, 67Ga, 0, ribbon 
14, 13, 496.09127190916206, 236.42938593911782, Martinique, 6, 67Ga, 0, ribbon 
14, 14, 500.61685660047783, 218.15241606906233, Martinique, 6, 67Ga, 0, ribbon 
14, 15, 503.54253738713595, 199.14000522786, Martinique, 6, 67Ga, 0, ribbon 
14, 16, 504.8683142691364, 179.3921534155108, Martinique, 6, 67Ga, 0, ribbon 
14, 17, 504.59418724647924, 158.90886063201475, Martinique, 6, 67Ga, 0, ribbon 
14, 18, 502.7201563191644, 137.69012687737188, Martinique, 6, 67Ga, 0, ribbon 
14, 19, 499.246221487192, 115.73595215158213, Martinique, 6, 67Ga, 0, ribbon 
14, 20, 496.90929010695913, 104.48307442450718, Martinique, 6, 67Ga, 0, ribbon 
14, 21, 499.2652053653675, 115.76467808091533, Martinique, 6, 67Ga, 0, ribbon 
14, 22, 502.891011222744, 137.9486602413708, Martinique, 6, 67Ga, 0, ribbon 
14, 23, 505.0687842008669, 159.62700886534503, Martinique, 6, 67Ga, 0, ribbon 
14, 24, 505.7985242997362, 180.79972395283818, Martinique, 6, 67Ga, 0, ribbon 
14, 25, 505.08023151935186, 201.46680550385017, Martinique, 6, 67Ga, 0, ribbon 
14, 26, 502.91390585971396, 221.62825351838097, Martinique, 6, 67Ga, 0, ribbon 
14, 27, 499.29954732082246, 241.28406799643065, Martinique, 6, 67Ga, 0, ribbon 
14, 28, 494.23715590267733, 260.43424893799914, Martinique, 6, 67Ga, 0, ribbon 
14, 29, 487.7267316052786, 279.0787963430865, Martinique, 6, 67Ga, 0, ribbon 
14, 30, 479.7682744286263, 297.21771021169263, Martinique, 6, 67Ga, 0, ribbon 
14, 31, 470.3617843727203, 314.8509905438177, Martinique, 6, 67Ga, 0, ribbon 
14, 32, 459.50726143756077, 331.97863733946156, Martinique, 6, 67Ga, 0, ribbon 
14, 33, 447.2047056231477, 348.60065059862427, Martinique, 6, 67Ga, 0, ribbon 
14, 34, 433.4541169294809, 364.7170303213058, Martinique, 6, 67Ga, 0, ribbon 
14, 35, 418.2554953565606, 380.3277765075062, Martinique, 6, 67Ga, 0, ribbon 
14, 36, 401.60884090438657, 395.4328891572255, Martinique, 6, 67Ga, 0, ribbon 
14, 37, 392.7425013485795, 402.79583290590466, Martinique, 6, 67Ga, 0, ribbon 
14, 38, 392.7425013485795, 402.79583290590466, Martinique, 6, 67Ga, 0, ribbon 
15, 0, 373.3030100968622, 373.38048126869563, Martinique, 6, 153Sm, 0, ribbon 
15, 1, 369.34118864772927, 365.4897114168178, Martinique, 6, 153Sm, 0, ribbon 
15, 2, 362.56580543154655, 349.19831980997577, Martinique, 6, 153Sm, 0, ribbon 
15, 3, 359.76369786535247, 340.82523965749056, Martinique, 6, 153Sm, 0, ribbon 
15, 4, 370.678705942039, 337.271659645145, Martinique, 6, 153Sm, 0, ribbon 
15, 5, 391.34765725503905, 329.4024844179395, Martinique, 6, 153Sm, 0, ribbon 
15, 6, 410.4685221142081, 320.51728892071486, Martinique, 6, 153Sm, 0, ribbon 
15, 7, 428.0413005195462, 310.61607315347095, Martinique, 6, 153Sm, 0, ribbon 
15, 8, 444.0659924710534, 299.6988371162079, Martinique, 6, 153Sm, 0, ribbon 
15, 9, 458.5425979687296, 287.7655808089257, Martinique, 6, 153Sm, 0, ribbon 
15, 10, 471.47111701257484, 274.8163042316243, Martinique, 6, 153Sm, 0, ribbon 
15, 11, 482.85154960258916, 260.85100738430367, Martinique, 6, 153Sm, 0, ribbon 
15, 12, 492.68389573877255, 245.86969026696391, Martinique, 6, 153Sm, 0, ribbon 
15, 13, 500.96815542112495, 229.872352879605, Martinique, 6, 153Sm, 0, ribbon 
15, 14, 507.7043286496464, 212.85899522222684, Martinique, 6, 153Sm, 0, ribbon 
15, 15, 512.892415424337, 194.82961729482955, Martinique, 6, 153Sm, 0, ribbon 
15, 16, 516.5324157451965, 175.78421909741306, Martinique, 6, 153Sm, 0, ribbon 
15, 17, 518.6243296122252, 155.7228006299774, Martinique, 6, 153Sm, 0, ribbon 
15, 18, 519.1681570254228, 134.64536189252254, Martinique, 6, 153Sm, 0, ribbon 
15, 19, 518.1638979847896, 112.55190288504849, Martinique, 6, 153Sm, 0, ribbon 
15, 20, 517.0812360442864, 101.12416578005428, Martinique, 6, 153Sm, 0, ribbon 
15, 21, 518.1771199693907, 112.58369511318443, Martinique, 6, 153Sm, 0, ribbon 
15, 22, 519.2871548868326, 134.93149194574602, Martinique, 6, 153Sm, 0, ribbon 
15, 23, 518.9548792272523, 156.51760633337594, Martinique, 6, 153Sm, 0, ribbon 
15, 24, 517.1802929906496, 177.34203827607422, Martinique, 6, 153Sm, 0, ribbon 
15, 25, 513.9633961770247, 197.40478777384087, Martinique, 6, 153Sm, 0, ribbon 
15, 26, 509.30418878637755, 216.70585482667587, Martinique, 6, 153Sm, 0, ribbon 
15, 27, 503.2026708187081, 235.24523943457925, Martinique, 6, 153Sm, 0, ribbon 
15, 28, 495.65884227401637, 253.02294159755098, Martinique, 6, 153Sm, 0, ribbon 
15, 29, 486.67270315230235, 270.03896131559105, Martinique, 6, 153Sm, 0, ribbon 
15, 30, 476.24425345356605, 286.29329858869954, Martinique, 6, 153Sm, 0, ribbon 
15, 31, 464.3734931778075, 301.78595341687634, Martinique, 6, 153Sm, 0, ribbon 
15, 32, 451.06042232502665, 316.5169258001215, Martinique, 6, 153Sm, 0, ribbon 
15, 33, 436.30504089522356, 330.486215738435, Martinique, 6, 153Sm, 0, ribbon 
15, 34, 420.1073488883982, 343.6938232318169, Martinique, 6, 153Sm, 0, ribbon 
15, 35, 402.46734630455046, 356.1397482802671, Martinique, 6, 153Sm, 0, ribbon 
15, 36, 383.3850331436805, 367.8239908837857, Martinique, 6, 153Sm, 0, ribbon 
15, 37, 373.3030100968622, 373.38048126869563, Martinique, 6, 153Sm, 0, ribbon 
15, 38, 373.3030100968622, 373.38048126869563, Martinique, 6, 153Sm, 0, ribbon 
0, 0, 537.5, 85, La Réunion, 100, , , arc 
0, 1, 544.7100241452249, 85.12191390989969, La Réunion, 100, , , arc 
0, 2, 558.8644720634347, 86.08342361439247, La Réunion, 100, , , arc 
0, 3, 572.647077922166, 87.9711723324661, La Réunion, 100, , , arc 
0, 4, 586.0365918456281, 90.74835586490804, La Réunion, 100, , , arc 
0, 5, 599.0117639580307, 94.37817001250588, La Réunion, 100, , , arc 
0, 6, 611.5513443835832, 98.82381057604715, La Réunion, 100, , , arc 
0, 7, 623.6340832464953, 104.04847335631933, La Réunion, 100, , , arc 
0, 8, 635.2387306709766, 110.01535415410999, La Réunion, 100, , , arc 
0, 9, 646.3440367812365, 116.68764877020666, La Réunion, 100, , , arc 
0, 10, 656.9287517014845, 124.02855300539684, La Réunion, 100, , , arc 
0, 11, 666.9716255559305, 132.00126266046811, La Réunion, 100, , , arc 
0, 12, 676.4514084687837, 140.56897353620798, La Réunion, 100, , , arc 
0, 13, 685.3468505642537, 149.69488143340396, La Réunion, 100, , , arc 
0, 14, 693.6367019665503, 159.34218215284355, La Réunion, 100, , , arc 
0, 15, 701.2997127998829, 169.47407149531435, La Réunion, 100, , , arc 
0, 16, 708.3146331884609, 180.05374526160384, La Réunion, 100, , , arc 
0, 17, 714.660213256494, 191.04439925249957, La Réunion, 100, , , arc 
0, 18, 720.3152031281918, 202.40922926878906, La Réunion, 100, , , arc 
0, 19, 725.2583529277638, 214.11143111125983, La Réunion, 100, , , arc 
0, 20, 729.4684127794196, 226.11420058069945, La Réunion, 100, , , arc 
0, 21, 732.9241328073688, 238.38073347789543, La Réunion, 100, , , arc 
0, 22, 735.6042631358207, 250.8742256036353, La Réunion, 100, , , arc 
0, 23, 737.4875538889851, 263.55787275870654, La Réunion, 100, , , arc 
0, 24, 738.5527551910714, 276.3948707438968, La Réunion, 100, , , arc 
0, 25, 738.7786171662893, 289.3484153599934, La Réunion, 100, , , arc 
0, 26, 738.1438899388482, 302.3817024077841, La Réunion, 100, , , arc 
0, 27, 736.6273236329579, 315.4579276880563, La Réunion, 100, , , arc 
0, 28, 734.2076683728277, 328.54028700159756, La Réunion, 100, , , arc 
0, 29, 730.8636742826673, 341.5919761491954, La Réunion, 100, , , arc 
0, 30, 726.574091486686, 354.57619093163737, La Réunion, 100, , , arc 
0, 31, 721.3176701090938, 367.45612714971094, La Réunion, 100, , , arc 
0, 32, 715.0731602740998, 380.1949806042037, La Réunion, 100, , , arc 
0, 33, 711.5737315988928, 386.4999999828534, La Réunion, 100, , , arc 
0, 34, 708.0394571450737, 392.387873552872, La Réunion, 100, , , arc 
0, 35, 700.4323330972634, 403.7116731109493, La Réunion, 100, , , arc 
0, 36, 692.1398431146403, 414.41446522288237, La Réunion, 100, , , arc 
0, 37, 683.2012682997047, 424.47415708443424, La Réunion, 100, , , arc 
0, 38, 673.6558897549567, 433.8686558913679, La Réunion, 100, , , arc 
0, 39, 663.5429885828967, 442.57586883944623, La Réunion, 100, , , arc 
0, 40, 652.9018458860247, 450.57370312443214, La Réunion, 100, , , arc 
0, 41, 641.7717427668409, 457.84006594208876, La Réunion, 100, , , arc 
0, 42, 630.1919603278457, 464.35286448817897, La Réunion, 100, , , arc 
0, 43, 618.201779671539, 470.0900059584657, La Réunion, 100, , , arc 
0, 44, 605.8404819004211, 475.02939754871204, La Réunion, 100, , , arc 
0, 45, 593.1473481169922, 479.14894645468075, La Réunion, 100, , , arc 
0, 46, 580.1616594237526, 482.42655987213493, La Réunion, 100, , , arc 
0, 47, 566.9226969232022, 484.84014499683747, La Réunion, 100, , , arc 
0, 48, 553.4697417178415, 486.36760902455137, La Réunion, 100, , , arc 
0, 49, 539.8420749101705, 486.9868591510396, La Réunion, 100, , , arc 
0, 50, 532.975, 486.949, La Réunion, 100, , , arc 
0, 51, 533.313, 471.953, La Réunion, 100, , , arc 
0, 52, 539.9858109590231, 471.99019265433793, La Réunion, 100, , , arc 
0, 53, 553.1006342251465, 471.39509710074555, La Réunion, 100, , , arc 
0, 54, 565.8907061294832, 469.93536623065086, La Réunion, 100, , , arc 
0, 55, 578.3356028809651, 467.64460704388046, La Réunion, 100, , , arc 
0, 56, 590.4149006885241, 464.55642654026053, La Réunion, 100, , , arc 
0, 57, 602.1081757610921, 460.7044317196177, La Réunion, 100, , , arc 
0, 58, 613.3950043076012, 456.1222295817782, La Réunion, 100, , , arc 
0, 59, 624.2549625369833, 450.84342712656854, La Réunion, 100, , , arc 
0, 60, 634.6676266581703, 444.9016313538151, La Réunion, 100, , , arc 
0, 61, 644.6125728800943, 438.33044926334435, La Réunion, 100, , , arc 
0, 62, 654.069377411687, 431.1634878549827, La Réunion, 100, , , arc 
0, 63, 663.0176164618806, 423.4343541285565, La Réunion, 100, , , arc 
0, 64, 675.4417377165862, 410.86009575466653, La Réunion, 100, , , arc 
0, 65, 690.0366314879947, 392.44048014130067, La Réunion, 100, , , arc 
0, 66, 702.2296350945816, 372.3771012525522, La Réunion, 100, , , arc 
0, 67, 711.8573582078025, 350.93881508703254, La Réunion, 100, , , arc 
0, 68, 717.2963957244317, 334.1195512491763, La Réunion, 100, , , arc 
0, 69, 720.035671451891, 322.6170793325578, La Réunion, 100, , , arc 
0, 70, 722.0417199962023, 310.9221120959654, La Réunion, 100, , , arc 
0, 71, 723.2941175662982, 299.0682565392255, La Réunion, 100, , , arc 
0, 72, 723.7724403711101, 287.0891196621644, La Réunion, 100, , , arc 
0, 73, 723.4562646195702, 275.0183084646087, La Réunion, 100, , , arc 
0, 74, 722.3251665206103, 262.88942994638467, La Réunion, 100, , , arc 
0, 75, 720.3587222831627, 250.73609110731877, La Réunion, 100, , , arc 
0, 76, 717.536508116159, 238.59189894723744, La Réunion, 100, , , arc 
0, 77, 713.8381002285313, 226.49046046596706, La Réunion, 100, , , arc 
0, 78, 709.2430748292115, 214.46538266333408, La Réunion, 100, , , arc 
0, 79, 703.7310081271318, 202.55027253916487, La Réunion, 100, , , arc 
0, 80, 700.624701852848, 196.64445754394995, La Réunion, 100, , , arc 
0, 81, 697.4776462643727, 191.1240830598202, La Réunion, 100, , , arc 
0, 82, 690.6760141009477, 180.49020447288876, La Réunion, 100, , , arc 
0, 83, 683.2275693987465, 170.41653147629404, La Réunion, 100, , , arc 
0, 84, 675.168170689597, 160.92431816831518, La Réunion, 100, , , arc 
0, 85, 666.5336765053271, 152.03481864723125, La Réunion, 100, , , arc 
0, 86, 657.3599453777647, 143.7692870113214, La Réunion, 100, , , arc 
0, 87, 647.6828358387374, 136.14897735886484, La Réunion, 100, , , arc 
0, 88, 637.538206420073, 129.19514378814068, La Réunion, 100, , , arc 
0, 89, 626.9619156535996, 122.92904039742794, La Réunion, 100, , , arc 
0, 90, 615.9898220711448, 117.37192128500593, La Réunion, 100, , , arc 
0, 91, 604.6577842045363, 112.54504054915367, La Réunion, 100, , , arc 
0, 92, 593.001660585602, 108.46965228815031, La Réunion, 100, , , arc 
0, 93, 581.0573097461698, 105.16701060027503, La Réunion, 100, , , arc 
0, 94, 568.8605902180676, 102.65836958380692, La Réunion, 100, , , arc 
0, 95, 556.447360533123, 100.96498333702519, La Réunion, 100, , , arc 
0, 96, 543.8534792231638, 100.10810595820885, La Réunion, 100, , , arc 
0, 97, 537.5, 100, La Réunion, 100, , , arc 
0, 98, 537.5, 85, La Réunion, 100, , , arc 
0, , 743.486947752575, 288.3189125852316, La Réunion, , , , title 
1, 0, 340.087, 323.803, 198Au, 0, , , arc 
1, 1, 354.81899999999996, 320.98199999999997, 198Au, 0, , , arc 
1, 2, 340.087, 323.803, 198Au, 0, , , arc 
1, , 335.1762106696506, 324.7438288119333, 198Au, , , , title 
2, 0, 337.13, 301.903, 58Co, 0, , , arc 
2, 1, 352.08299999999997, 300.716, 58Co, 0, , , arc 
2, 2, 337.13, 301.903, 58Co, 0, , , arc 
2, , 332.14580413849274, 302.29890309418704, 58Co, , , , title 
3, 0, 336.595, 279.811, 56Co, 0, , , arc 
3, 1, 351.58799999999997, 280.273, 56Co, 0, , , arc 
3, 2, 336.595, 279.811, 56Co, 0, , , arc 
3, , 331.5976788952713, 279.6569594290118, 56Co, , , , title 
4, 0, 338.48900000000003, 257.793, 54Mn, 0, , , arc 
4, 1, 353.341, 259.898, 54Mn, 0, , , arc 
4, 2, 338.48900000000003, 257.793, 54Mn, 0, , , arc 
4, , 333.53846057054136, 257.09168919557214, 54Mn, , , , title 
5, 0, 342.788, 236.117, 57Co, 0, , , arc 
5, 1, 357.31899999999996, 239.839, 57Co, 0, , , arc 
5, 2, 342.788, 236.117, 57Co, 0, , , arc 
5, , 337.94468937563744, 234.8758569596109, 57Co, , , , title 
6, 0, 349.44100000000003, 215.043, 109Cd, 0, , , arc 
6, 1, 363.475, 220.338, 109Cd, 0, , , arc 
6, 2, 349.44100000000003, 215.043, 109Cd, 0, , , arc 
6, , 344.7631036800026, 213.27800334881772, 109Cd, , , , title 
7, 0, 358.36699999999996, 194.827, 51Cr, 0, , , arc 
7, 1, 371.735, 201.631, 51Cr, 0, , , arc 
7, 2, 358.36699999999996, 194.827, 51Cr, 0, , , arc 
7, , 353.9112838273445, 192.5591989863307, 51Cr, , , , title 
8, 0, 369.459, 175.713, 65Zn, 0, , , arc 
8, 1, 381.999, 183.94400000000002, 65Zn, 0, , , arc 
8, 2, 369.459, 175.713, 65Zn, 0, , , arc 
8, , 365.27864840829295, 172.96988872019264, 65Zn, , , , title 
9, 0, 382.581, 157.933, 181W, 0, , , arc 
9, 1, 394.14300000000003, 167.49, 181W, 0, , , arc 
9, 2, 382.581, 157.933, 181W, 0, , , arc 
9, , 378.7277909468128, 154.746864295092, 181W, , , , title 
10, 0, 397.577, 141.7, 124Sb, 0, , , arc 
10, 1, 408.019, 152.469, 124Sb, 0, , , arc 
10, 2, 397.577, 141.7, 124Sb, 0, , , arc 
10, , 394.0961408427649, 138.1104020601453, 124Sb, , , , title 
11, 0, 510.943, 485.238, Martinique, 36, , , arc 
11, 1, 503.6920881835581, 484.13722685060884, Martinique, 36, , , arc 
11, 2, 489.44195966249134, 481.17461875788786, Martinique, 36, , , arc 
11, 3, 475.56205002193644, 477.2265477912943, Martinique, 36, , , arc 
11, 4, 462.09390973960046, 472.3281573724829, Martinique, 36, , , arc 
11, 5, 449.07908929319035, 466.5145909231082, Martinique, 36, , , arc 
11, 6, 436.559139160413, 459.820991864825, Martinique, 36, , , arc 
11, 7, 424.5756098189755, 452.2825036192879, Martinique, 36, , , arc 
11, 8, 413.17005174658493, 443.93426960815157, Martinique, 36, , , arc 
11, 9, 402.3840154209481, 434.8114332530707, Martinique, 36, , , arc 
11, 10, 392.25905131977214, 424.94913797569995, Martinique, 36, , , arc 
11, 11, 382.836709920764, 414.382527197694, Martinique, 36, , , arc 
11, 12, 374.1585417016306, 403.1467443407075, Martinique, 36, , , arc 
11, 13, 366.26609714007907, 391.2769328263952, Martinique, 36, , , arc 
11, 14, 359.20092671381633, 378.8082360764116, Martinique, 36, , , arc 
11, 15, 353.00458090054934, 365.7757975124115, Martinique, 36, , , arc 
11, 16, 347.7186101779851, 352.21476055604955, Martinique, 36, , , arc 
11, 17, 345.43, 345.247, Martinique, 36, , , arc 
11, 18, 359.764, 340.825, Martinique, 36, , , arc 
11, 19, 361.8817963933215, 347.27274687973204, Martinique, 36, , , arc 
11, 20, 366.7732415293021, 359.82170850293335, Martinique, 36, , , arc 
11, 21, 372.5071156695206, 371.8815269065995, Martinique, 36, , , arc 
11, 22, 379.0449698601227, 383.4196816453091, Martinique, 36, , , arc 
11, 23, 386.34835514725387, 394.40365227364055, Martinique, 36, , , arc 
11, 24, 394.37882257705974, 404.8009183461723, Martinique, 36, , , arc 
11, 25, 403.0979231956859, 414.5789594174829, Martinique, 36, , , arc 
11, 26, 412.4672080492778, 423.70525504215084, Martinique, 36, , , arc 
11, 27, 422.44822818398114, 432.1472847747545, Martinique, 36, , , arc 
11, 28, 433.0025346459414, 439.87252816987245, Martinique, 36, , , arc 
11, 29, 444.09167848130426, 446.8484647820831, Martinique, 36, , , arc 
11, 30, 455.67721073621516, 453.042574165965, Martinique, 36, , , arc 
11, 31, 467.72068245681976, 458.42233587609655, Martinique, 36, , , arc 
11, 32, 480.18364468926353, 462.95522946705626, Martinique, 36, , , arc 
11, 33, 493.0276484796922, 466.6087344934226, Martinique, 36, , , arc 
11, 34, 506.2142448742511, 469.3503305097741, Martinique, 36, , , arc 
11, 35, 512.924, 470.369, Martinique, 36, , , arc 
11, 36, 510.943, 485.238, Martinique, 36, , , arc 
11, , 404.4679044632676, 443.2846513716634, Martinique, , , , title 
12, 0, 414.264, 127.21199999999999, 131I, 0, , , arc 
12, 1, 423.46, 139.061, 131I, 0, , , arc 
12, 2, 414.264, 127.21199999999999, 131I, 0, , , arc 
12, , 411.19792849347317, 123.2616003115424, 131I, , , , title 
13, 0, 432.44, 114.643, 111In, 0, , , arc 
13, 1, 440.28, 127.43, 111In, 0, , , arc 
13, 2, 432.44, 114.643, 111In, 0, , , arc 
13, , 429.82643084028484, 110.37994845574144, 111In, , , , title 
14, 0, 451.88599999999997, 104.14500000000001, 99mTc, 0, , , arc 
14, 1, 458.275, 117.71600000000001, 99mTc, 0, , , arc 
14, 2, 451.88599999999997, 104.14500000000001, 99mTc, 0, , , arc 
14, , 449.7564701964046, 99.62115737668728, 99mTc, , , , title 
15, 0, 472.367, 95.845, 201Tl, 0, , , arc 
15, 1, 477.228, 110.036, 201Tl, 0, , , arc 
15, 2, 472.367, 95.845, 201Tl, 0, , , arc 
15, , 470.7471361506579, 91.115277233152, 201Tl, , , , title 
16, 0, 493.636, 89.845, 67Ga, 0, , , arc 
16, 1, 496.909, 104.483, 67Ga, 0, , , arc 
16, 2, 493.636, 89.845, 67Ga, 0, , , arc 
16, , 492.54469764534167, 84.9651254378951, 67Ga, , , , title 
17, 0, 515.435, 86.215, 153Sm, 0, , , arc 
17, 1, 517.081, 101.124, 153Sm, 0, , , arc 
17, 2, 515.435, 86.215, 153Sm, 0, , , arc 
17, , 514.885670027543, 81.24504382092033, 153Sm, , , , title 
-1,,0,0,,,,,border
-2,,1075,0,,,,,border
-3,,0,572,,,,,border
-4,,1075,572,,,,,border
